partner_id,nws_id
27U,SMN
3DU,3DU
4BK,4BK
4LW,4LW
4OM,OAKW1
63S,63S
ABBI,ABBI1
ABDI,ABDI1
ABDW,ABDW1
ABEB,ABEQ2
ABEI,ABEI1
ABEW,ABEW1
ABGI,ABGI1
ABLB,ABLQ2
ABNW,ABNW1
ABOM,ABOM8
ABRI,ABRI1
ACAO,BORXX
ACOI,ACOI1
ACRI,ACRI1
ACTW,ACTW1
ACWY,ACWW4
ADEO,ADEO3
ADFO,ADFO3
ADFW,ADFW1
ADFY,ADFW4
ADRI,ADRI1
ADRO,ADRO3
AFAI,AFAI1
AFCI,AFCI1
AFNY,AFNW4
AFSI,AFSI1
AFSW,AFSW1
AFTY,AFTW4
AGA,AGDO3
AGAB,AGAQ2
AGFO,AGFO3
AGKO,BORXX
AGNO,AGNO3
AGSM,AGSM8
AGSO,AGSO3
AGTO,AGTO3
AHFW,AHFW1
AHNW,AHNW1
AHTI,AHTI1
AHTW,AHTW1
AKNB,AKNQ2
ALBI,ALBI1
ALBO,ALBO3
ALCO,ALCO3
ALD,ALRW1
ALDW,ALDW1
ALF,ALFW1
ALFI,ALFI1
ALFO,ALFO3
ALFW,ATGW1
ALGO,ALGO3
ALKO,ALKO3
ALLI,ALLI1
ALNO,ALNO3
ALPY,ALPW4
ALRO,ALRO3
ALRW,ALRW1
ALSO,ALSO3
ALTO,ALTO3
ALTY,ATRW4
AMBM,AMBM8
AMF,AFRI1
AMFI,AMFI1
AMRW,AMRW1
ANAM,ANAM8
ANAW,ANAW1
ANCI,ANCI1
AND,ARAI1
ANDI,ANDI1
ANEO,ANEO3
ANPO,ANPO3
ANRO,ANRO3
ANTI,ANTI1
ANTO,ACDO3
ANTW,ANTW1
ANYO,ANYO3
APGO,APGO3
APLO,APDO3
APLW,APLW1
APP,APLO3
APPO,APPO3
APRO,APRO3
APSW,APSW1
ARAO,AURO3
ARBI,ARBI1
ARBO,ARBO3
ARCI,ARCI1
ARDB,ARDQ2
ARDW,ARDW1
ARFY,ARFW4
ARGC,ARGC1
ARGW,ARGW1
ARHB,ARHQ2
ARK,ARDI1
ARKI,ARKI1
ARLO,ARLO3
ARLW,ARLW1
ARMB,ARMQ2
ARNO,ARNO3
AROI,AROI1
ARWO,ARWO3
ARZY,ARZW4
ASCI,ASCI1
ASFW,ASFW1
ASHI,ASHI1
ASHO,ASHO3
ASLO,BORXX
ASNW,ASNW1
ASO,ASO
ASOW,ASOW1
ASPI,ASPI1
ASTO,ASTO3
ASWO,ASWO3
ATAI,ATAI1
ATLI,ATLI1
ATNI,ATNI1
AUBI,AUBI1
AUBW,AUBW1
AUCI,AUCI1
AUGM,AUGM8
AUGW,AHUW1
AURO,AURO3
AUSO,AUSO3
AVYI,AVYI1
AZAO,AZAO3
BABB,BABQ1
BACW,BACW1
BADI,BADI1
BADM,BADM8
BAEM,BAEM8
BAFO,BAFO3
BAIW,BAIW1
BAKO,BAKO3
BAKW,SRSW1
BALO,BALO3
BANM,BANM8
BANO,BANO3
BARB,BARQ2
BARO,BARO3
BARI,BORXX
BARW,BARW1
BASI,BASI1
BASM,BASM8
BASO,BORXX
BASW,BASW1
BATI,BATI1
BATO,BTYO3
BBCI,BBCI1
BBCW,BBCW1
BBFO,BBFO3
BBLW,BBLW1
BBSY,BBSW4
BBUI,BBUI1
BBYI,BBYI1
BCAO,BAAO3
BCCI,BCCI1
BCCO,BORXX
BCDO,BCDO3
BCDW,BCDW1
BCFI,BCFI1
BCFM,BCFM8
BCGW,BCGW1
BCKB,BARQ2
BCKI,BCKI1
BCKO,BCKO3
BCKW,BCKW1
BCL,BCL
BCLO,BCLO3
BCMO,BCMO3
BCP,BCP
BCRI,BCRI1
BCRO,BCRO3
BCSN,BCSN2
BCSO,BORXX
BCSW,BCSW1
BCTO,BORXX
BDD,BDD
BDDI,BDDI1
BDDW,BDDW1
BDFO,BDFO3
BDFY,BDFW4
BDIW,BDIW1
BDRY,BDRW4
BDSW,BDSW1
BDY,BDY
BDYW,BDYW1
BEAM,BEAM8
BEAO,BEAO3
BECI,BECI1
BEDO,BEDO3
BEFO,BEFO3
BELM,BELM8
BELO,BELO3
BELW,BELW1
BENI,BENI1
BENO,BENO3
BEPM,BEPM8
BERN,BERN2
BEU,BERO3
BEUO,BEUO3
BEVM,BEVM8
BEVO,BEVO3
BEWO,BEWO3
BFCI,BFCI1
BFEI,BFEI1
BFFI,BFFI1
BFGI,BFGI1
BFKM,BFKM8
BFKY,BFKW4
BFTI,BFTI1
BGBI,BGBI1
BGCO,BGCO3
BGDW,BGDW1
BGFM,SWRM8
BGFO,BGFO3
BGMW,BGMW1
BGPY,BGPW4
BGSI,BGSI1
BGSY,BGSW4
BGTM,BGTM8
BHLI,BHLI1
BHSW,BHSW1
BICW,BICW1
BIFM,BIFM8
BIGI,BIGI1
BIGM,BIGM8
BIGN,BIGN2
BIGW,BIGW1
BILI,BORXX
BIRB,BIRQ2
BIRI,BIRI1
BIRM,BIRM8
BIRO,BIRO3
BISI,BISI1
BITM,BITM8
BIUI,BIUI1
BIYM,BIYM8
BJBO,BORXX
BKDW,BKDW1
BKFI,BKFI1
BKFO,BKFO3
BKLN,BKLN2
BKLY,BKLW4
BKMI,BKMI1
BKPI,BKPI1
BKRO,BKRO3
BKSI,BKSI1
BKSW,BKSW1
BKUN,BKUN2
BKVO,BORXX
BKWY,BKWW4
BLAO,BLAO3
BLBM,BLBM8
BLBO,BLBO3
BLCI,BLCI1
BLCW,BLCW1
BLDI,BLDI1
BLDN,BLDN2
BLDO,BLDO3
BLDW,BLDW1
BLDY,BLDW4
BLFI,BLFI1
BLFO,BLFO3
BLII,BLII1
BLK,BLK
BLKB,BLKQ2
BLKM,BLKM8
BLKN,BLKN2
BLLO,BLLO3
BLLW,BLLW1
BLMI,BLMI1
BLMO,BLMO3
BLNW,BLNW1
BLOI,BLOI1
BLOM,BLOM8
BLPO,BLPO3
BLS,BLS
BLTO,BLTO3
BLTY,BLTW4
BLU,BLUO3
BLUI,BLUI1
BLUO,BLUO3
BLUW,BLUW1
BLWY,BLWW4
BLYO,BLYO3
BMCI,BMCI1
BMCW,BMCW1
BMFO,BMFO3
BMLI,BMLI1
BMNB,BMNQ2
BMPW,BMPW1
BMRI,BMRI1
BMSO,BMSO3
BMTI,BMTI1
BMWN,BMWN2
BNDO,BNDO3
BNDW,BNDW1
BNEI,BNEI1
BNEM,BNEM8
BNFM,BNFM8
BNFO,BNFO3
BNJO,BNJO3
BNK,BNKW1
BNKW,BNKW1
BNNO,BNNO3
BNOI,BNOI1
BNOO,BNOO3
BNSI,BNSI1
BNWI,BORXX
BOAO,BOAO3
BOBI,BOBI1
BOCI,BOCI1
BOEI,BOEI1
BOFI,BOFI1
BOFO,BOFO3
BOGI,BOGI1
BOII,PNRI1
BOKO,BOKO3
BOLW,BOLW1
BOMI,BOMI1
BOMM,BOMM8
BON,BONO3
BONI,BONI1
BONM,BONM8
BONO,BONO3
BONW,BONW1
BONY,BOTW4
BOOI,BOOI1
BORO,BORO3
BOSI,BOSI1
BOSW,BOSW1
BOUY,BORXX
BOVI,BOVI1
BOVM,BOVM8
BOX,BOX
BOXM,BOXM8
BOXW,BOXW1
BOYI,BOYI1
BOYW,BOYW1
BOZM,BOZM8
BPAW,BPAW1
BPFO,BPFO3
BPLW,BPLW1
BPNW,BPNW1
BPPI,BORXX
BPTO,BPTO3
BQFO,BQFO3
BRBI,BRBI1
BRBO,BRBO3
BRCI,BRCI1
BRCM,BRCM8
BRCN,BRCN2
BRCY,BRCW4
BRD,BRDO3
BRDB,BRDQ2
BREB,BREQ2
BRFI,BRFI1
BRFO,BRFO3
BRGI,BRGI1
BRIB,BRIQ2
BRIO,BRIO3
BRJY,BRJW4
BRKB,BRKQ2
BRKM,BRKM8
BRKO,BKGO3
BRLI,BRLI1
BRLM,BRLM8
BRLW,BRLW1
BRMI,BRMI1
BRMO,BRMO3
BRMW,BRMW1
BRN,BRNI1
BRNI,BRNI1
BROI,BROI1
BRRI,BRRI1
BRSO,BRSO3
BRSW,BRSW1
BRTO,BRTO3
BRUI,BRUI1
BRYO,BRYO3
BRYY,BRYW4
BRZI,BRZI1
BSCM,BSCM8
BSCN,BSCN2
BSCY,BSCW4
BSDI,BSDI1
BSDY,BSDW4
BSEI,BSEI1
BSKI,BSKI1
BSKM,BSKM8
BSPI,BSPI1
BTCI,BTCI1
BTHO,BTHO3
BTLY,BTLW4
BTMM,BTMM8
BTNY,BTNW4
BTRI,BTRI1
BTSI,BTSI1
BTSW,BTSW1
BUBI,BUBI1
BUCW,BUCW1
BUFO,BUFO3
BUKB,BUKQ2
BUKW,BUKW1
BUL,BULO3
BULB,BULQ2
BULM,BULM8
BULO,BULO3
BUM,BUDW1
BUMW,BUMW1
BUN,BUNI1
BUNI,BUNI1
BUNO,BUNO3
BURI,BUCI1
BURO,BURO3
BUSB,BUSQ2
BUSO,BUSO3
BUVO,BUVO3
BUWO,BUWO3
BUXO,BUXO3
BVNO,BVNO3
BVRB,BVRQ2
BVRO,BVRO3
BVRW,BVRW1
BVTB,BVTQ2
BWFO,BWFO3
BWFW,BWFW1
BWMB,BWMQ2
BWTO,BWTO3
BXFO,BXFO3
BYFO,BYFO3
BYSW,BYSW1
BYVI,BYVI1
BZMM,BZMM8
BZN,BZN
CAB,CABI1
CABI,CABI1
CABM,CABM8
CACO,CACO3
CAFO,CAFO3
CAFY,CAFW4
CAIO,CAIO3
CALI,CALI1
CAMI,CAMI1
CAMM,CAMM8
CAMO,CAMO3
CAMW,CAMW1
CANB,CANQ2
CANO,CANO3
CANY,CANW4
CARB,CARQ2
CARM,CARM8
CARO,CARO3
CARW,CARW1
CAS,CSPO3
CASI,CASI1
CASW,CASW1
CAT,CAT
CAU,CAU
CAUU,CAUU1
CAVO,CAVO3
CBCI,CBCI1
CBCW,CBCW1
CBFI,CBFI1
CBGI,CBGI1
CBGO,CBGO3
CBLO,CBLO3
CBNM,CBNM8
CBNW,CBNW1
CBSW,CBSW1
CBUM,CBUM8
CBYO,CBYO3
CCAI,CCAI1
CCBO,CCBO3
CCCI,CCCI1
CCCO,CCCO3
CCCY,CCCW4
CCDI,CCDI1
CCFM,CCFM8
CCFO,CCFO3
CCKI,CCKI1
CCL,CCL
CCPI,CCPI1
CCR,CCR
CCRW,CCRW1
CCYW,CCYW1
CDFO,CDFO3
CDNO,CDNO3
CDR,CDR
CDRW,CDRW1
CDSO,CDSO3
CDWI,CDWI1
CEC,CEC
CECI,CECI1
CEDC,CEDC1
CEDW,CEDW1
CEFO,CEFO3
CEFW,CEFW1
CELW,CELW1
CENO,CENO3
CENW,CENW1
CFCI,BORXX
CFCO,CFCO3
CFDI,CFDI1
CFLI,LTCI1
CFMM,CFMM8
CFRB,CFRQ2
CFSW,CFSW1
CFXW,CFXW1
CGBB,CGBQ2
CGF,CGF
CGFO,CGFO3
CGFW,CGFW1
CGKW,CGKW1
CGMW,CGMW1
CGR,CGRO3
CGRM,CGRM8
CGRO,CGRO3
CGRW,CGRW1
CGSW,CGSW1
CGWO,CGWO3
CHAI,CHAI1
CHAW,BORXX
CHCB,CHCQ2
CHCW,CHCW1
CHEI,CHEI1
CHEO,CHEO3
CHEW,CHEW1
CHFI,CHFI1
CHFO,CHFO3
CHIN,CHIN2
CHJ,CHJW1
CHJW,CHJW1
CHL,CHDW1
CHLW,CHLW1
CHMO,CHMO3
CHMW,CHMW1
CHNW,CHNW1
CHPW,CHPW1
CHQO,CHQO3
CHRW,CHRW1
CHRY,CHRW4
CHSW,CHSW1
CHTI,CHTI1
CHTO,CHTO3
CHUO,CHUO3
CHVO,CHVO3
CHWW,CHWW1
CIBW,CIBW1
CIFO,CIFO3
CINW,CINW1
CISW,XXXXX
CJDW,CHFW1
CJS,CJSI1
CKCM,CKCM8
CKKO,CKKO3
CKOW,COKW1
CKSO,CKSO3
CKSW,CKSW1
CLAO,CLAO3
CLBW,CLBW1
CLCC,CLCC1
CLCM,CLCM8
CLDI,CLDI1
CLDW,CLDW1
CLE,CLUW1
CLEW,CLEW1
CLFI,CLFI1
CLFW,CLFW1
CLFY,CLFW4
CLKI,CLKI1
CLKO,CLKO3
CLKW,CLKW1
CLLB,CLLQ2
CLLO,CLLO3
CLMW,CLMW1
CLNW,CLNW1
CLPO,CLPO3
CLPW,CLPW1
CLQO,CLQO3
CLR,CLKW1
CLRO,CLRO3
CLRW,CLRW1
CLS,CSSO3
CLSA,CLSA
CLTO,CLTO3
CLUB,CLUQ2
CLVB,CLVQ2
CLVM,CLVM8
CLVO,CLVO3
CLWY,CLWW4
CLXW,CLXW1
CLYI,CLYI1
CLYW,CLOW1
CMBM,CMBM8
CMDM,CMDM8
CMFO,CMFO3
CMFW,CMFW1
CMIW,CMIW1
CMNW,CMNW1
CMO,CMO
CMSO,CMSO3
CMSW,CMSW1
CNCI,CNCI1
CNCW,CNCW1
CNEW,CNEW1
CNFO,CNFO3
CNLW,CNLW1
CNNW,CNNW1
CNPO,CNPO3
CNTN,CNTN2
COBI,COBI1
COCO,COCO3
COEI,COEI1
COFO,COFO3
COFW,COFW1
COGO,COGO3
COKW,COKW1
COLI,COLI1
COLN,COLN2
COLO,COLO3
COLW,COLW1
CONO,CONO3
CONW,CONW1
COOI,COOI1
COPI,COPI1
COPM,COPM8
COPO,COPO3
COPW,COPW1
COQO,COQO3
CORB,CORQ2
CORI,CORI1
CORO,CORO3
CORW,RAWW1
COSO,COSO3
COSW,COSW1
COSY,COSW4
COT,COTO3
COTI,BORXX
COTO,COTO3
COUM,COUM8
COUY,COUW4
COVM,COVM8
COVO,COVO3
COVW,COVW1
COWO,COWO3
COYM,COYM8
COZI,COZI1
CPBB,CPBQ2
CPBI,CPBI1
CPCM,CPCM8
CPCW,CPCW1
CPDO,CPDO3
CPFO,CPFO3
CPHW,CPHW1
CPKY,CPKW4
CPPM,CPPM8
CPPW,CPPW1
CPRI,CPRI1
CPRO,CPRO3
CPSW,CPSW1
CPUO,CPUO3
CPVW,CPVW1
CRA,CPDO3
CRAI,CRAI1
CRAO,CRAO3
CRBI,CRBI1
CRBW,CRBW1
CRCI,CRCI1
CRCO,CRCO3
CRDO,CRDO3
CRE,CSDO3
CREO,CREO3
CRFI,CRFI1
CRFO,CRFO3
CRFW,CRFW1
CRGB,CRGQ2
CRGI,CRGI1
CRIB,CRIQ2
CRLI,CRLI1
CRLO,CRLO3
CRM,CRM
CRMI,CRMI1
CRNW,CRNW1
CRPO,CRPO3
CRPW,CRPW1
CRRM,CRRM8
CRRO,CRRO3
CRRW,CRRW1
CRSB,CRSQ2
CRSI,CRSI1
CRSM,CRSM8
CRSO,BORXX
CRSW,CRSW1
CRTO,CRTO3
CRTW,CRTW1
CRVO,CRVO3
CRWO,CRWO3
CRYM,CRYM8
CSAO,CSAO3
CSC,CSDI1
CSCI,CSCI1
CSCO,CSCO3
CSDO,CSDO3
CSFO,CSFO3
CSHM,CSHM8
CSHW,CSHW1
CSLW,CSLW1
CSMI,CSMI1
CSMW,CSMW1
CSPW,CSPW1
CSPY,CSPW4
CSRI,BORXX
CSRO,CSRO3
CSSM,CSSM8
CSSO,CSSO3
CSTO,CSTO3
CTAW,CTAW1
CTB,CTB
CTGO,CTGO3
CTHW,CTHW1
CTLI,CTLI1
CTNI,CTNI1
CTRW,CTRW1
CUFO,CUFO3
CUGW,CUGW1
CULW,CULW1
CUMW,CUMW1
CUSW,CUSW1
CVAI,CVAI1
CVJO,CVJO3
CVO,CVO
CVOO,CVOO3
CVPI,BORXX
CVYO,CVYO3
CWBO,CWBO3
CWFO,CWFO3
CWLI,CWLI1
CWLW,CWLW1
CWMO,CWMO3
CWMW,CWMW1
CWSW,CWSW1
CWTO,CWTO3
CXCI,CXCI1
CXMI,BORXX
CXSW,CXSW1
CYAI,CYAI1
CYFI,CYFI1
CYFW,CYFW1
CYGO,CYGO3
CYPW,CYPW1
DACI,DACI1
DACM,DACM8
DAEO,DAEO3
DAFW,DAFW1
DALM,DALM8
DALO,DALO3
DANI,DANI1
DANO,DANO3
DANY,DANW4
DARM,DARM8
DARW,DARW1
DASI,DASI1
DASO,DASO3
DAVO,DAVO3
DAYO,DAYO3
DBCB,DBCQ2
DBLB,DUNQ2
DBSI,DBSI1
DBSW,DBSW1
DCBB,YDC
DCDB,DCDQ2
DCLB,DCLQ2
DCMO,DCMO3
DDAI,DDAI1
DDCI,DDCI1
DDLI,DDLI1
DDMI,DDMI1
DDMM,DDMM8
DDSI,DDSI1
DEBO,DEBO3
DED,DEDI1
DEDI,DEDI1
DEEB,DEEQ2
DEEO,DEEO3
DEEW,DEEW1
DEFO,DEFO3
DEMI,DEMI1
DEMW,DEMW1
DENI,DENI1
DEPW,DEPW1
DERI,DERI1
DERM,DERM8
DERO,DERO3
DESI,DESI1
DET,DETO3
DETO,DETO3
DEX,DEXO3
DEXO,DEXO3
DGGI,DGGI1
DHDI,DHDI1
DHLM,DHLM8
DHSI,DHSI1
DIA,DIDW1
DIAO,DIAO3
DIAW,DIAW1
DICO,BORXX
DIDW,DIDW1
DIFW,DIFW1
DILO,DILO3
DIT,DIT
DIVM,DIVM8
DIXI,DIXI1
DIXO,DIXO3
DIXW,DIXW1
DLCO,DLCO3
DLEO,DLEO3
DLGM,DLGM8
DLLO,DLLO3
DMFW,DMFW1
DMLY,DMLW4
DMTM,DMTM8
DMTO,DMTO3
DNCI,DNCI1
DNWY,DNWW4
DOBI,DOBI1
DOGI,DOGI1
DOMO,DOMO3
DONB,DONQ2
DONO,DONO3
DOR,DORO3
DORO,DORO3
DOTW,DOTW1
DOUW,DOUW1
DOWO,DOWO3
DPKN,DPKN2
DPSW,DPSW1
DPYM,DPYM8
DRAO,DRAO3
DRBM,DRBM8
DRBN,DRBN2
DRBY,DRBW4
DRCN,DRCN2
DRCO,DRCO3
DRGI,DRGI1
DRIO,DRIO3
DRLM,DERM8
DRNO,DRNO3
DRRO,DRRO3
DRSO,DRSO3
DRSW,DRSW1
DRUM,DRUM8
DRYI,DRYI1
DSBI,DSBI1
DSPN,DSPN2
DSRI,DSRI1
DSRW,DSRW1
DSTO,DSTO3
DTRO,DTRO3
DTWO,DTWO3
DTYW,DTYW1
DUBY,DUBW4
DUCW,DUCW1
DUFO,DUFO3
DUSM,DUSM8
DVDM,DVDM8
DVDY,DVDW4
DVFO,DVFO3
DVPW,DVPW1
DVSM,DVSM8
DVSW,DVSW1
DWQI,DWQI1
DWR,DWRI1
DWRI,DWRI1
DWSW,DWSW1
DXEI,DXEI1
DXSI,DXSI1
DYBI,DYBI1
DYFI,DYFI1
DYNW,DYNW1
EACB,EACQ2
EAGO,EAGO3
EANM,EANM8
EAS,EAS
EASW,EASW1
EATM,EATM8
EATW,EATW1
EBCO,BORXX
EBNI,EBNI1
ECCC,ECCC1
ECDO,ECDO3
ECGO,ECGO3
ECHO,ECHO3
ECII,ECII1
EDMM,EDMM8
EGCI,EGCI1
EGHM,EGHM8
EGLM,EGLM8
EGLO,EGLO3
EGSO,BORXX
EILI,EILI1
EIMO,EIMO3
EKFW,EKFW1
EKHO,EKHO3
EKMW,EKMW1
EKPY,EKPW4
EKRI,EKRI1
EKTO,EKTO3
ELAW,ELAW1
ELBI,ELBI1
ELBW,ELBW1
ELCI,ELCI1
ELDO,ELDO3
ELEI,ELEI1
ELEW,ELEW1
ELFY,ELFW4
ELGO,ELGO3
ELHO,ELHO3
ELHW,ELHW1
ELKB,ELKQ2
ELKI,ELKI1
ELKM,ELKM8
ELKO,ELKO3
ELKW,ELKW1
ELLW,ELLW1
ELMI,ELMI1
ELMW,ELMW1
ELNW,ELNW1
ELRB,ELRQ2
ELTW,ELTW1
ELVC,ELVC1
ELWW,ELWW1
EMCI,EMCI1
EMCM,EMCM8
EMEI,EMEI1
EMI,EMIO3
EMIO,EMIO3
EMM,EMM
EMMI,EMMI1
EMSI,EMSI1
EMTI,EMTI1
EMYI,EMYI1
ENDB,ENDQ2
ENFO,ENFO3
ENPO,ENPO3
ENTI,ENTI1
ENTO,ENTO3
ENUW,ENUW1
ENVI,ENVI1
EPTO,EPTO3
ERCI,ERCI1
ERDY,ERDW4
ERFB,ERFQ2
ERFM,ERFM8
ERKW,ERKW1
ERSI,ERSI1
ERSW,ERSW1
ESCI,ESCI1
ESCO,ESCO3
ESNI,ESNI1
ESPO,ESPO3
ESSI,ESSI1
ESSM,ESSM8
EST,EST
ESTO,ESTO3
ESTW,ESTW1
ESXM,ESXM8
ETCW,ETCW1
ETMM,ETMM8
ETNI,ETNI1
ETSI,ETSI1
EUCO,EUCO3
EUGO,EUGO3
EURM,TOBM8
EURN,BORXX
EURO,EURO3
EVEW,EVEW1
EVNY,EVNW4
EYPW,EYPW1
FADO,FADO3
FAFI,FAFI1
FAIW,FAIW1
FAL,FALO3
FALI,FALI1
FALN,BORXX
FALO,FALO3
FARB,FARQ2
FARI,FARI1
FATM,FATM8
FAYI,FAYI1
FBCO,FBCO3
FBFW,FBFW1
FBLW,FBLW1
FBNI,FBNI1
FBPM,FBPM8
FCBO,FCBO3
FCEO,FCEO3
FCFI,FCFI1
FCFM,FCFM8
FCKO,FCKO3
FCLO,FCLO3
FCNO,FCNO3
FCRI,FCRI1
FCSO,FCSO3
FCYW,FCYW1
FDLB,FDLQ2
FDRW,BORXX
FED,FED
FENB,FENQ2
FERB,FERQ2
FFCI,FFCI1
FFDI,FFDI1
FFRO,FFRO3
FFXW,FFXW1
FGFO,FGFO3
FGRO,FGRO3
FHFI,FHFI1
FHLI,FHLI1
FIFW,FIFW1
FIKI,FIKI1
FIS,FLKO3
FISI,FISI1
FISM,FISM8
FISO,FISO3
FISW,FISW1
FIVM,FIVM8
FLAI,FLAI1
FLAW,FLAW1
FLBW,FLBW1
FLCO,FLCO3
FLCW,FLCW1
FLDB,FLDQ2
FLFI,FLFI1
FLGY,FLGW4
FLKB,FLKQ2
FLLW,FLLW1
FLPO,FLPO3
FMCI,BORXX
FMFY,FMFW4
FNBI,FNBI1
FNEB,FNEQ2
FOGO,FOGO3
FOR,FOR
FORI,FORI1
FORO,FORO3
FORW,FORW1
FORY,FORW4
FOS,FOSO3
FQRB,FQRQ2
FRAI,FRAI1
FRAW,FRAW1
FRBU,FRBU1
FRCB,FRCQ2
FRCI,FRCI1
FRCO,FRCO3
FRDI,FRDI1
FRDO,FRDO3
FRDY,FRDW4
FREB,FREQ2
FREO,FREO3
FRFO,FRFO3
FRHM,FRHM8
FRKW,FRKW1
FRMO,FRMO3
FRN,FRNO3
FRNO,FRNO3
FRWO,FRWO3
FRYN,FRYN2
FRYW,FRYW1
FRZW,FRZW1
FSHM,FSHM8
FSHO,BORXX
FSLO,FSLO3
FSSO,FSSO3
FSTB,FSTQ2
FSWO,FOSO3
FTHI,FTHI1
FTIM,FTIM8
FTMM,FTMM8
FTNI,FTNI1
FUCI,FUCI1
FURO,FURO3
FVWO,FVWO3
FVYO,FVYO3
FWCN,FWCN2
FWFM,FWFM8
FWFW,FWFW1
FYFO,FYFO3
FZCW,FZCW1
GALI,GALI1
GALO,GALO3
GARI,GARI1
GARW,GARW1
GASO,GASO3
GATO,GATO3
GAVI,GAVI1
GBBI,GBBI1
GBBO,GBBO3
GBDY,GBDW4
GBLO,GBLO3
GCDM,GCDM8
GCDW,GCDW1
GCEI,GCEI1
GCCO,BORXX
GCGW,GCGW1
GCKB,GCKQ2
GCKY,GCKW4
GCL,GCDW1
GCLM,GCLM8
GCLW,GCLW1
GCSW,GCSW1
GCUB,GCUQ2
GCXW,GCXW1
GDFO,GDFO3
GDMM,GDMM8
GDNO,GDNO3
GDNW,GDNW1
GDRO,GDRO3
GDVI,GDVI1
GEBB,GEBQ2
GED,GED
GEEW,GRNW1
GENW,GENW1
GEOW,GEOW1
GERB,GERQ2
GERW,GERW1
GFCO,GFCO3
GFLW,GFLW1
GFRI,GFRI1
GGSI,GGSI1
GGUM,GGUM8
GGVI,GGVI1
GGW,GGW
GHFI,GHFI1
GHLO,GHLO3
GIBM,GIBM8
GIBN,GIBN2
GIBO,GIBO3
GILO,BORXX
GIVI,GIVI1
GLAO,GLAO3
GLAW,GLAW1
GLBO,GLBO3
GLBW,GLBW1
GLCM,GLCM8
GLDO,GLDO3
GLDW,GLDW1
GLEW,GLEW1
GLFI,GLFI1
GLIO,GLIO3
GLMW,GLMW1
GLNI,GLNI1
GLNO,GLNO3
GLNW,GLNW1
GLSI,GLSI1
GLSM,GLSM8
GLWO,GLWO3
GMFW,GMFW1
GMRI,GMRI1
GNDO,GNDO3
GNG,GNG
GNGI,GNGI1
GNVI,GNVI1
GOAM,GOAM8
GOCN,GOCN2
GODI,GODI1
GOFW,GOFW1
GOGI,GOGI1
GOLB,GOLQ2
GOLO,GOLO3
GOLW,GOLW1
GOOC,GOOC1
GOR,GODW1
GORW,GORW1
GOSO,GOSO3
GOTN,GOTN2
GOVO,GOVO3
GPFO,GPFO3
GPR,GPRO3
GPSO,GPSO3
GPUW,GPUW1
GRAB,GRAQ2
GRAI,GRAI1
GRAO,GRAO3
GRAW,GRAW1
GRBO,GRBO3
GRCI,GRCI1
GRCM,GRCM8
GRCW,GRCW1
GRCY,GRCW4
GRD,GRD
GREW,GREW1
GREY,GREW4
GRF,GRF
GRFB,GRFQ2
GRFO,GRFO3
GRHI,GRHI1
GRHW,GRHW1
GRLO,GRLO3
GRLW,GRLW1
GRLY,GRLW4
GRMN,GRMN2
GRMO,GRMO3
GRMW,GRMW1
GRNI,GRNI1
GRNW,GRNW1
GROY,GVZW4
GRPB,GRPQ2
GRPN,GRPN2
GRPO,GRPO3
GRPW,GRPW1
GRS,GRLW4
GRSI,GRSI1
GRSW,GRSW1
GRSY,GRLW4
GRTB,GRTQ2
GRVI,GRVI1
GRVY,GRVW4
GRYW,GRYW1
GRZO,GRZO3
GSBB,GSBQ2
GSDO,GSDO3
GSPO,GSPO3
GSTB,GSTQ2
GSTO,GASO3
GSV,GSVO3
GTSW,GTSW1
GUSM,GUSM8
GVRM,GVRM8
GVRY,GVRW4
GVSW,GVSW4
GWCI,GWCI1
GWLW,GWLW1
GWSI,GWSI1
GYFO,GYFO3
GYRW,GYRW1
HACM,HACM8
HACW,HACW1
HAD,HAD
HADO,HADO3
HAFW,HAFW1
HAGW,HAGW1
HAH,HHDW1
HAHW,HAHW1
HALI,HALI1
HAMM,HAMM8
HANM,HANM8
HARO,HARO3
HARI,HARI1
HARW,HARW1
HASU,HASU1
HAUM,HAUM8
HAWM,HAWM8
HAY,HSDO3
HBBY,HBBW4
HBDO,HBDO3
HBFI,HBFI1
HBGM,HBGM8
HBLO,HBLO3
HBRO,HBRO3
HCD,HCDI1
HCDI,HCDI1
HCFI,HCFI1
HCKO,BORXX
HCOO,HCOO3
HCR,HCRO3
HCRO,HCRO3
HCWO,HCWO3
HDKO,HDKO3
HDLC,HDLC1
HDQI,HQSI1
HEBO,HEBO3
HEDB,HEDQ2
HEDM,HEDM8
HEFO,HEFO3
HEII,HEII1
HEMI,HEMI1
HEN,HLKI1
HENI,HENI1
HEPO,HEPO3
HERM,HERM8
HERO,HERO3
HEYI,HEYI1
HFAI,HFAI1
HGFW,HGFW1
HGH,HHWM8
HGWM,HGHM8
HIAO,HIAO3
HICW,HICW1
HILI,HILI1
HIMN,HIMN2
HINO,HINO3
HIRI,HIRI1
HIRO,HIRO3
HKBY,HKBW4
HKFW,HKFW1
HLBO,HLBO3
HLCI,HLCI1
HLDW,HLDW1
HLLM,HLLM8
HLMO,HLMO3
HLSI,HLSI1
HLTI,HLTI1
HLYI,HLYI1
HMDO,HMDO3
HMKY,HMKW4
HMLM,HMLM8
HMRI,HMRI1
HMRO,HMRO3
HNAO,HNAO3
HNBO,HNBO3
HNCO,HNCO3
HNDO,HNDO3
HNEO,HNEO3
HNFO,HNFO3
HNGO,HNGO3
HNHB,HNHQ2
HNHO,HNHO3
HNIO,HNIO3
HNJO,HNJO3
HNRI,HNRI1
HNSY,HNSW4
HNYO,HNYO3
HOCM,HOCM8
HODO,HODO3
HOHW,HOHW1
HOLI,HOLI1
HOLM,HOLM8
HOLO,HOLO3
HOMO,HOMO3
HOOM,HOOM8
HOPI,HOPI1
HOPO,HOPO3
HOPW,HOPW1
HOTI,HOTI1
HOTM,HOTM8
HOWI,HOWI1
HOWO,HOWO3
HOXO,HOXO3
HPCO,BORXX
HPD,HPPO3
HPFI,HPFI1
HPFO,HPFO3
HPRO,HPRO3
HPWO,HPWO3
HQSI,HQSI1
HRDO,HRDO3
HRFO,HFDO3
HRFW,HORW1
HRGO,HRGO3
HRHW,HRHW1
HRKO,HRKO3
HRMO,HRMO3
HRPW,HRPW1
HRSI,HRSI1
HRSW,HRSW1
HRTW,HRTW1
HSDI,HSDI1
HSFY,HSFW4
HSKO,HSKO3
HSSW,HSSW1
HTNW,HTNW1
HTUW,HTUW1
HUCW,HUCW1
HUFW,HUFW1
HUGI,HUGI1
HUKI,HUKI1
HUMW,HUMW1
HUNO,HUNO3
HURW,HURW1
HVFW,HVFW1
HVKI,HVKI1
HVR,HVR
HWCI,HWCI1
HWFO,HWFO3
HWLO,HWLO3
HWRI,HWRI1
HWYO,HWYO3
HYA,HATO3
HYBW,HYBW1
HYFO,HYFO3
HYNI,HYNI1
HYPO,HYPO3
HYSM,HYSM8
HZLI,HZLI1
ICEM,ICEM8
IDAI,IDAI1
IDCI,IDCI1
IDCO,IDCO3
IDFI,IDFI1
IDHI,IDHI1
IDXW,IDXW1
IDYI,IDYI1
IFLI,IFLI1
IFWI,IFWI1
IGFO,IGFO3
IGSO,IGSO3
IHDW,IHDW1
IHR,IHDW1
IHRW,IHRW1
IHXW,IHXW1
IKMI,IKMI1
ILHO,ILHO3
ILLB,ILLQ2
IMBO,IMBO3
IMFW,IMFW1
IMNO,IMNO3
INCB,INCQ2
INCI,INCI1
INCY,INCW4
INDY,INDW4
INEI,INEI1
INKI,INKI1
INLI,INLI1
INTM,INTM8
IONO,IONO3
IPDI,IPDI1
IPKO,IPKO3
IRCI,IRCI1
IREW,IREW1
IRGC,IRGC1
IRGO,IRGO3
IRHY,IRHW4
IRNO,IRNO3
IRSW,IRSW1
ISCI,ISCI1
ISKB,ISKQ2
ISL,IPDI1
ISLI,ISLI1
ISPI,ISPI1
ISQW,ISQW1
ISSW,ISSW1
ISWI,ISWI1
IVCI,IVCI1
IZSO,IZSO3
JAFO,JAFO3
JAKI,JAKI1
JAKY,JAKW4
JAPN,JAPN2
JASO,JASO3
JCCO,BORXX
JCFW,JCFW1
JCK,JLKW4
JCKW,JCKW1
JCKY,JLKW4
JCLN,JCLN2
JCPI,JCPI1
JCTO,BORXX
JCUN,JCUN2
JDA,JDAO3
JDAO,JDAO3
JDBO,JDBO3
JDFO,JDFO3
JDRO,JDRO3
JEFW,JEFW1
JELO,JELO3
JFFO,JFFO3
JHCO,JHCO3
JHFI,JHFI1
JHNO,JHNO3
JKNY,JKNW4
JKPI,JKPI1
JKSY,JKSW4
JNFW,JNFW1
JNVO,JNVO3
JOEB,JOEQ2
JOFO,JOFO3
JOHI,JOHI1
JOJO,JOJO3
JOLW,JOLW1
JOPO,JOPO3
JORB,JORQ2
JOSI,JOSI1
JOSM,JOSM8
JOSO,JOSO3
JRKB,JRKQ2
JRMI,JRMI1
JRPI,JRPI1
JRPW,JRPW1
JTRO,JTRO3
KABB,KABQ2
KAC,KADW1
KACW,KACW1
KAHI,KAHI1
KALM,KALM8
KALW,KALW1
KAMW,KAMW1
KASB,KASQ2
KAWB,KAWQ2
KBFO,KBFO3
KCFW,KCFW1
KCGI,KCGI1
KCKB,KCKQ2
KCLB,KCLQ2
KCSW,KCSW1
KDLY,KDLW4
KECW,KECW1
KEE,KEDW1
KEEW,KEEW1
KEFO,KEFO3
KELW,KELW1
KENO,KENO3
KENW,KENW1
KER,KERM8
KERM,KERM8
KETI,KETI1
KFLO,KAGO3
KFLW,KFLW1
KGGI,KGGI1
KGHB,KGHQ2
KHSW,KHSW1
KICW,KICW1
KIDW,KIDW1
KIKI,KIKI1
KILI,KILI1
KIMB,KIMQ2
KIMO,KIMO3
KIOW,KIOW1
KISM,KISM8
KITI,KITI1
KLA,KLA
KLAW,KLAW1
KLGI,KLGI1
KLLY,KLLW4
KLMO,KLMO3
KLMW,KLMW1
KLRM,KLRM8
KLTW,KLTW1
KLWB,KLWQ2
KMFW,KMFW1
KNAI,KNAI1
KNCW,KNCW1
KNDY,KNDW4
KNTO,KNTO3
KNTW,KNTW1
KOOI,KOOI1
KOSI,KOSI1
KRBO,KRBO3
KRCM,KRCM8
KRWY,KRWW4
KSLB,KSLQ2
KSWB,KSWQ2
KTBI,KTBI1
KTCB,KTCQ2
KTCW,KTCW1
KTFM,KTFM8
KTFW,KTFW1
KTZW,KTZW1
KUFO,KUFO3
KUNI,KUNI1
KVKB,KVKQ2
KWAB,KWAQ2
KYKB,KYKQ2
KYLB,KYLQ2
KYMB,KYMQ2
KYUB,KYUQ2
LABI,LABI1
LABO,LABO3
LACI,BORXX
LACM,LACM8
LACO,LACO3
LACW,LACW1
LADN,LADN2
LAGO,LAGO3
LAJB,LAJQ2
LAKO,LAKO3
LAMB,LAMQ2
LAMO,LAMO3
LAMW,LAMW1
LANI,LANI1
LAPI,LAPI1
LAPO,LAPO3
LARB,LARQ2
LASI,LASI1
LASW,LASW1
LAUW,LAUW1
LAVI,LAVI1
LBBM,LBBM8
LBCO,BORXX
LBFM,LBFM8
LBHW,LBHW1
LBLW,LBLW1
LBOB,LBOQ2
LBRW,LBRW1
LBTO,LBTO3
LBWM,LBWM8
LCBO,LOCO3
LCFI,LCFI1
LCFM,LCFM8
LCFW,LCFW1
LCKM,LCKM8
LCRO,LCRO3
LCSW,LCSW1
LDOI,LDOI1
LDRI,LDRI1
LDXW,LDXW1
LEA,LEAO3
LEAO,LEAO3
LEAW,LEAW1
LECW,LECW1
LEDI,LEDI1
LEEO,LEEO3
LEFO,TLFO3
LEFW,LEFW1
LEGW,LEGW1
LEHW,LEHW1
LEM,LEMO3
LEMW,LEMW1
LEN,LEN
LENO,LENO3
LEOI,LEOI1
LERI,LERI1
LESI,LESI1
LESW,LTCW1
LEWI,LEWI1
LFKI,LFKI1
LFTI,LFTI1
LGDO,LGDO3
LGFO,LGFO3
LGR,LGR
LGRW,LGRW1
LGS,LGSW1
LHAO,LHAO3
LHIM,LHIM8
LHMB,LHMQ2
LIB,LYDM8
LIBM,KBDM8
LIDW,LIDW1
LIFO,LIFO3
LINI,LINI1
LINM,LINM8
LINW,LINW1
LIT,LIT
LIZW,LIZW1
LKAW,LKAW1
LKCO,LKCO3
LKEO,LKEO3
LKFI,LKFI1
LKMW,LKMW1
LKPO,BORXX
LKTI,LKTI1
LKTO,LKTO3
LKVM,LKVM8
LKVO,LKVO3
LLFW,LLFW1
LLK,LLDW1
LLKW,LLKW1
LLLW,LLLW1
LMCN,LMCN2
LMDO,LMDO3
LMHM,LMHM8
LML,LML
LMLN,LMLN2
LMN,LMNW1
LMRW,LMRW1
LNBW,LNBW1
LND,LND
LNDW,LNDW1
LNGN,LNGN2
LNGO,LNGO3
LNLO,LNLO3
LNRW,LNRW1
LOBO,LOBO3
LOCI,LOCI1
LOCO,LOCO3
LOEM,LOEM8
LOFO,LOFO3
LOFW,LOFW1
LOGI,LOGI1
LOGO,LOGO3
LOHM,LOHM8
LOHW,LOHW1
LOKM,LOKM8
LOLM,LOLM8
LOMI,LOMI1
LOMM,LOMM8
LONO,LONO3
LONW,LONW1
LOOO,LOOO3
LOP,LOPO3
LOPW,LOPW1
LOPY,LOPW4
LORI,LORI1
LORO,LORO3
LOS,LOSO3
LOUO,LOUO3
LOVW,LOVW1
LOW,LOW
LOWI,LOWI1
LOWO,LOWO3
LPBI,LPBI1
LPDI,LPDI1
LPFI,LPFI1
LPPI,LPPI1
LPPY,LPPW4
LPSI,LPSI1
LPSW,LPSW1
LPWO,LPWO3
LRDO,LRDO3
LRSM,LRSM8
LRWW,LRWW1
LSBO,LSBO3
LSCI,LSCI1
LSDW,LSDW1
LSFW,LSFW1
LSKO,LSKO3
LSLI,LSLI1
LSLM,LSLM8
LSMO,LSMO3
LSSW,LSSW1
LSTY,LSTW4
LTDW,LTDW1
LTFO,LTFO3
LTMW,LTMW1
LTRO,LTRO3
LTWY,LTWW4
LUBM,LUBM8
LUC,LUCI1
LUCI,LUCI1
LUCW,LUCW1
LUFM,LUFM8
LUKO,LUKO3
LUSM,LUSM8
LVCM,LVCM8
LVHW,LVHW1
LVRM,LVRM8
LWBB,LWBQ2
LWD,LWD
LWDI,LWDI1
LWFO,LWFO3
LWG,LGDW1
LWGW,LWGW1
LWL,WELN2
LWMI,LWMI1
LWNW,LWNW1
LWOI,LWOI1
LWSY,LWSW4
LWTM,LWTM8
LWTW,LWTW1
LYLW,LYLW1
LYNW,LYNW1
MABO,MABO3
MAC,MAC
MACI,MACI1
MADO,MADO3
MAFO,BORXX
MAG,MAGI1
MAGI,MAGI1
MALI,MALI1
MALO,MALO3
MAMI,MAMI1
MAN,MANI1
MANI,MANI1
MANM,MANM8
MANW,MANW1
MAPM,MAPM8
MARO,MARO3
MARW,MARW1
MASI,MASI1
MASW,MASW1
MATI,MATI1
MATW,MATW1
MAVI,MAVI1
MAWW,MAWW1
MAXO,MAXO3
MAY,MYDW1
MAYI,MAYI1
MAYW,MAYW1
MBAI,MBAI1
MBAY,MBAW4
MBCB,MBCQ2
MBLB,MBLQ2
MBLW,MBLW1
MBSW,MBSW1
MCAI,MCAI1
MCAW,MCAW1
MCBO,MCBO3
MCBW,MCBW1
MCCB,MCCQ2
MCCI,MCCI1
MCCO,MCCO3
MCDB,MCDQ2
MCDO,MCDO3
MCFI,MCFI1
MCGI,BORXX
MCHB,MCHQ2
MCHI,MCHI1
MCHO,MCHO3
MCJ,MCJ
MCK,MKDO3
MCKI,MCKI1
MCKO,MCKO3
MCKW,MCKW1
MCLO,MCLO3
MCMO,MCMO3
MCMW,MCMW1
MCN,MCDW1
MCNB,MCNQ2
MCNW,MCNW1
MCQO,MCQO3
MCQW,MCQW1
MCRI,MCRI1
MCSI,MCSI1
MDBO,MDBO3
MDCI,MDCI1
MDDI,MDDI1
MDDY,MDDW4
MDFI,MDFI1
MDFO,MDFO3
MDGO,MDGO3
MDLI,MDLI1
MDM,MDM
MDRO,MDRO3
MDRW,MDRW1
MDSW,MDSW1
MDXO,MDXO3
MECM,MECM8
MEDI,MEDI1
MEDW,BORXX
MEFW,MEFW1
MEHO,MEHO3
MER,MEWW1
MERW,MERW1
MESW,MESW1
METW,METW1
MEWW,MEWW1
MFAC,MFAC1
MFDO,MFDO3
MFLO,MFLO3
MFNW,XXXXX
MFOO,MFOO3
MFPI,MFPI1
MFWO,MFWO3
MFXO,MFXO3
MGAI,MGAI1
MGCI,MGCI1
MGFO,MGFO3
MGLW,MGLW1
MGMI,MGMI1
MGRI,MGRI1
MGSO,MGSO3
MGSW,MGSW1
MGTW,MGTW1
MHMI,MHMI1
MHPI,MHPI1
MHRO,MHRO3
MHSI,MHSI1
MHWO,MHWO3
MIDI,MIDI1
MIDO,BORXX
MIII,MIII1
MIKB,MIKQ2
MIL,MLNI1
MILB,MILQ1
MILI,MILI1
MILO,MILO3
MIN,MDMI1
MINI,MINI1
MINO,MINO3
MINW,MINW1
MIRW,MIRW1
MISM,MISM8
MITO,MITO3
MITW,MITW1
MKCO,MKCO3
MKDO,MKDO3
MKKO,MKKO3
MKNW,MKNW1
MKRI,MKRI1
MKRO,MKRO3
MKSW,MKSW1
MKZO,MKZO3
MLBO,MLBO3
MLCI,MLCI1
MLCO,MLCO3
MLFY,MLFW4
MLHO,MLHO3
MLKI,MLKI1
MLKM,MLKM8
MLKW,MLKW1
MLL,MLL
MLLW,MLLW1
MLNO,MLNO3
MLR,MHLO3
MLRO,MLRO3
MLS,MLS
MLTI,MLTI1
MLTM,MLTM8
MLVO,MLVO3
MLWW,MLWW1
MLYW,MLYW1
MMCO,MMCO3
MMD,MMRW1
MMDW,MMDW1
MMIW,MMIW1
MMLW,MMLW1
MMSW,MMSW1
MMTO,MMTO3
MNCB,MNCQ2
MNCI,MNCI1
MNDI,MNDI1
MNFO,MNFO3
MNKI,MNKI1
MNLW,MNLW1
MNPB,MNPQ2
MNPM,MNPM8
MNRM,MNRM8
MNRO,MNRO3
MNRW,MNRW1
MNSI,MNSI1
MNSW,MNSW1
MNTI,MNTI1
MNTN,MNTN2
MNTW,MNTW1
MOCN,MNCN2
MODO,MODO3
MOFI,MOFI1
MOFO,MOFO3
MOKI,MOKI1
MOLB,MOLQ2
MOLO,MOLO3
MONO,MONO3
MONW,MONW1
MOOY,MOOW4
MOQI,MOQI1
MOR,MORW1
MORB,MORQ2
MORI,MORI1
MORO,MORO3
MORY,MORW4
MOS,MSRW1
MOSI,MOSI1
MOSM,MOSM8
MOSO,MOSO3
MOSW,MOSW1
MOTO,MOTO3
MOUB,MOUQ2
MOUM,MOUM8
MOXW,MOXW1
MPCI,MPCI1
MPLI,MPLI1
MPLM,MPLM8
MPLO,MPLO3
MQM,MQM
MRBW,MRBW1
MRCI,MRCI1
MRCO,MRCO3
MRFO,MRFO3
MRGI,MRGI1
MRHM,MRHM8
MRKI,MRKI1
MRLN,MRLN2
MRLW,MRLW1
MRNM,MRNM8
MRNY,MRNW4
MRON,MRON2
MROW,MROW1
MRPO,PHIO3
MRQY,MRQW4
MRRB,MRRQ2
MRSN,MRSN2
MRSO,MRSO3
MRSW,MRSW1
MRTN,MRTN2
MRTW,MRTW1
MRVO,MRVO3
MRYI,MRYI1
MSCI,MSCI1
MSCO,MSCO3
MSE,MSE
MSEI,MSEI1
MSFI,MSFI1
MSFO,MSFO3
MSHW,MSHW1
MSNW,MSNW1
MSPM,MSPM8
MSRW,MSRW1
MSSB,MSSQ2
MSSW,MSSW1
MSWI,MSWI1
MTAB,MTAQ2
MTAO,MTAO3
MTAW,MTAW1
MTBI,MTBI1
MTCB,MTCQ2
MTCW,MTCW1
MTFO,MTFO3
MTFW,MTFW1
MTHO,MTHO3
MTHW,MTHW1
MTJB,MTJQ2
MTKB,MTKQ2
MTKM,MTKM8
MTLB,MTLQ2
MTLN,MTLN2
MTLO,MTLO3
MTLW,MTLW1
MTMB,MTMQ2
MTMI,MTMI1
MTNW,MTNW1
MTPI,MTPI1
MTRB,MTRQ2
MTSO,MTSO3
MTSW,MTSW1
MTVW,MTVW1
MUDI,MUDI1
MUDO,MUDO3
MUCW,MUCW1
MUFI,MUFI1
MULI,MULI1
MULM,MULM8
MUNI,MUNI1
MVEW,MVEW1
MVLO,MVLO3
MWSO,MWSO3
MWSW,MWSW1
MXCI,MXCI1
MXNI,MXNI1
MYCO,MYCO3
MYDW,MYDW1
MYFI,MYFI1
MYKO,MYKO3
MYLI,MYLI1
MYMB,MYMQ2
MYNO,MYNO3
MYPO,MYPO3
MYVM,MYVM8
MZAW,MZAW1
MZLO,MZLO3
MZMW,MZMW1
MZTB,MZTQ2
NACW,NACW1
NAKB,NAKQ2
NAMI,NAMI1
NANW,NANW1
NARO,NARO3
NASW,NASW1
NBGO,NBGO3
NBRO,NBRO3
NCAO,NCAO3
NCDO,BORXX
NCHW,NCHW1
NCLO,NCLO3
NCMB,NCMQ2
NCNO,NCNO3
NCSW,NCSW1
NDFO,NDFO3
NDRB,NDRQ2
NDEB,NDRQ2
NEFW,NEFW1
NEHO,NEHO3
NELB,NELQ2
NESW,NESW1
NEVM,NEVM8
NEWW,NEWW1
NEZI,NEZI1
NFBO,BORXX
NFBU,NFBU1
NFCY,NFCW4
NFEM,NFEM8
NFFB,NFFQ2
NFFW,NFFW1
NFJM,NFJM8
NFK,NFK
NFLO,BORXX
NFLY,NFLW4
NFNW,NFNW1
NFRB,NFRQ2
NFRO,NFRO3
NFTI,NFTI1
NHCI,NHCI1
NHMO,NHMO3
NHPW,NHPW1
NHTM,NHTM8
NIN,NIN
NISW,NISW1
NITW,NITW1
NKLW,NKLW1
NKSW,NKSW1
NLCI,NLCI1
NLNB,NLNQ2
NMCI,NMCI1
NMCO,NMCO3
NMPI,NMPI1
NMWI,NMWI1
NNCW,NRKW1
NOIM,NOIM8
NOKW,NOKW1
NORM,NORM8
NOTO,NOTO3
NOX,NOXM8
NOXM,NOXM8
NPFO,NPFO3
NPRB,NPRQ2
NPRW,NPRW1
NPTB,NPTQ2
NPTW,NPTW1
NRDI,NRDI1
NRYW,NRYW1
NSCW,NSCW1
NSLW,NSLW1
NTMB,NTMQ2
NTMM,NTMM8
NTPO,NTPO3
NUMO,NUMO3
NUQO,NUQO3
NUSO,NUSO3
NUW,NUW
NWBO,NWBO3
NWDY,NWDW4
NWMW,NWMW1
NYMO,NYMO3
NYSO,NYSO3
NZCM,NZCM8
NZPM,NZPM8
OAKI,OAKI1
OAKO,OAKO3
OCFW,OCFW1
OCH,OCDO3
OCHO,OCHO3
OCMO,OCMO3
OCRO,OCRO3
OCWO,OCWO3
OCYO,OCYO3
ODEW,ODEW1
ODLO,ODLO3
ODSW,ODSW1
OGYB,OGYQ2
OHAW,OHAW1
OKAW,OKAW1
OKDO,OKDO3
OKG,OKG
OKGW,OKGW1
OKLI,OKLI1
OKMW,OKMW1
OKNW,OKNW1
OKRO,OKRO3
OKVW,OKVW1
OLAI,OLAI1
OLDY,OLDW4
OLEO,OLEO3
OLGW,OLGW1
OLIB,OLIQ2
OLVO,OLVO3
OLWY,OLWW4
OLYW,OLYW1
OMAW,OMAW1
OMFO,OMFO3
OMFW,OMFW1
OMKW,OMKW1
OMSW,OMSW1
OMWW,OMWW1
ONTO,ONTO3
OORO,OORO3
ORC,OCUO3
ORCO,ORCO3
OREO,OREO3
ORFI,ORFI1
ORFO,ORFO3
OROI,OROI1
OROW,OROW1
ORRI,ORRI1
ORTW,ORTW1
ORVN,ORVN2
ORYO,ORYO3
OSCI,OSCI1
OSDO,OSDO3
OSSW,OSSW1
OSWO,OSWO3
OTHW,OTHW1
OTSO,OTSO3
OVDM,OVDM8
OVLW,OVLW1
OVNM,OVNM8
OWCO,OWCO3
OWFO,OWFO3
OWLY,OWLW4
OWY,OWYO3
OWYN,OWYN2
OWYO,OWYO3
OXB,OXB
OXMI,OXMI1
OXSI,OXSI1
OYAB,OYAQ2
PABI,PABI1
PACW,PACW1
PAFO,PAFO3
PAGW,PAGW1
PAIO,PAIO3
PAL,PLDI1
PALI,PALI1
PALW,PALW1
PANW,PANW1
PAPW,PAPW1
PAR,PAR
PARI,PARI1
PARO,PARO3
PARW,PARW1
PASO,PASO3
PASW,PASW1
PATW,PATW1
PAY,PTDI1
PAYI,PAYI1
PAYW,PAYW1
PBCI,PBCI1
PBGM,PBGM8
PBLI,PBLI1
PCBB,PCBQ1
PCCW,PRCW1
PCFW,PCFW1
PCKI,PCKI1
PCKM,PCKM8
PCKY,PACW4
PCPI,PCPI1
PCRI,PCRI1
PCRW,PCRW1
PCYO,PCYO3
PDR,PDRO3
PDTO,PDTO3
PDUO,PDUO3
PEAB,PEAQ2
PECI,PECI1
PEFO,PEFO3
PEFW,PEFW1
PEKI,PEKI1
PEL,PELO3
PEMI,PEMI1
PENO,PENO3
PENW,PENW1
PER,PER
PERI,PERI1
PERM,PERM8
PERO,PERO3
PERW,PERW1
PESW,PESW1
PETW,PETW1
PFC,51S
PGFO,PGFO3
PGPW,PGPW1
PGWO,PGWO3
PHBY,PHBW4
PHL,PHLO3
PHLO,PHLO3
PHQO,PHQO3
PHXO,BORXX
PICI,PICI1
PICM,PICM8
PICO,PICO3
PIEM,PIEM8
PIFW,PIFW1
PIHI,PIHI1
PILO,PILO3
PIN,PIN
PINI,PINI1
PINO,PINO3
PINW,PINW1
PIPM,PIPM8
PIRI,PIRI1
PIRO,PIRO3
PITW,PITW1
PJFO,PJFO3
PKDO,PKDO3
PKFO,PKFO3
PKMB,PKMQ2
PKSI,PKSI1
PKVU,PKVU1
PKWW,PKWW1
PLAW,PLAW1
PLCI,PLCI1
PLCM,PLCM8
PLEI,PLEI1
PLKO,PLKO3
PLMI,PLMI1
PLMW,PLMW1
PLNM,PLNM8
PLNO,PLNO3
PLNW,PLNW1
PLOI,PLOI1
PLTO,PLTO3
PLVM,PLVM8
PLXW,PLXW1
PMAI,PMAI1
PNCI,PNCI1
PNDO,PNDO3
PNEI,PNEI1
PNFI,PNFI1
PNGO,PNGO3
PNKW,PNKW1
PNRI,PNRI1
POBM,POBM8
POBO,POBO3
POCI,POCI1
PODO,PODO3
POFO,POFO3
POLB,POLQ2
POLM,POLM8
POMW,POMW1
POPO,POPO3
PORM,PORM8
POS,POS
POSI,POSI1
POT,POT
POWI,POWI1
POWO,POWO3
PPHO,PPHO3
PPRW,PPRW1
PPSW,PPSW1
PQRO3,PQR
PRAI,PRAI1
PRAO,PRAO3
PRAW,PRAW1
PRCI,PRCI1
PRCO,PRCO3
PRD,PRWW1
PRDW,PRDW1
PRFO,PRFO3
PRHO,PRHO3
PRIO,PRIO3
PRKI,PRKI1
PRKO,PRKO3
PRKW,PRKW1
PRKY,PRKW4
PRLI,PRLI1
PRMI,PRMI1
PRO,PRO
PRPI,PRPI1
PRPM,PRPM8
PRPO,PRPO3
PRRI,PRRI1
PRRO,BORXX
PRRW,PRRW1
PRSI,PRSI1
PRSN,PRSN2
PRSO,RPRO3
PRSW,PRSW1
PRTI,PRTI1
PRTO,PRTO3
PRV,PVDO3
PRVO,PRVO3
PRWW,PRWW1
PRXI,PRXI1
PRXW,PRXW1
PSL,PSL
PSLI,PSLI1
PSNY,PSNW4
PSSW,PSSW1
PSTI,PSTI1
PSXM,PSXM8
PTAM,PTAM8
PTFO,PTFO3
PTHI,PTHI1
PTHW,PTHW1
PTLI,PTLI1
PTOO,PTOO3
PTTW,PTTW1
PULI,PULI1
PULW,PULW1
PUWO,PUWO3
PUYW,PUYW1
PVPM,PLVM8
PVRO,PVRO3
PVYN,PVYN2
PWDO,PWDO3
PWDY,PWDW4
PWFO,PWFO3
PWRO,PWRO3
PWSW,PWSW1
PWTO,PWTO3
PYDI,PYDI1
PYNB,PYNQ2
PYTI,PYTI1
QBYB,QBYQ2
QCCO,QCCO3
QILW,QILW1
QLBB,QLBQ1
QLCW,QLCW1
QLTW,QLTW1
QNTW,QNTW1
QPFO,QPFO3
QRFW,QRFW1
QRMO,QRMO3
QSPW,QSPW1
QTLB,QTLQ2
QUEW,QUEW1
QUIW,QUIW1
QUPW,QUPW1
RADB,RADQ2
RAGW,RAGW1
RAIW,RAIW1
RANW,RAWW1
RATW,RATW1
RAWW,RAWW1
RBDW,RBDW1
RBFO,RBFO3
RBGO,RBGO3
RBL,RBL
RBTO,RBTO3
RCCM,RCCM8
RCFI,RCFI1
RCFO,RCFO3
RCHI,RCHI1
RCHO,RCHO3
RCHW,RCHW1
RCKO,RCKO3
RCKW,RCKW1
RCNI,RCNI1
RCRW,RCRW1
RCSO,RCSO3
RCYI,RCYI1
RDBM,RDBM8
RDCI,RDCI1
RDFI,RDFI1
RDLO,RDLO3
RDWI,BORXX
RDR,RDRW1
RECI,RECI1
REDI,REDI1
REDO,REDO3
REFW,REFW1
REIW,REIW1
RELB,RELQ2
REPW,REPW1
RES,RES
RESO,RESO3
REVB,REVQ2
REXI,REXI1
REXM,REXM8
REXO,REXO3
REXW,REXW1
REYI,REYI1
RFEM,RFEM8
RFTI,RFTI1
RGCI,BORXX
RGGI,RGGI1
RGSW,RGSW1
RGVO,RGVO3
RHFO,RHFO3
RHRO,RHRO3
RICI,RICI1
RICO,RICO3
RICW,RICW1
RIDI,RIDI1
RIDO,RIDO3
RIDW,RIDW1
RIGI,RIGI1
RIM,RILW1
RIMW,RIMW1
RIOO,RIOO3
RIR,RIDI1
RIRI,RIRI1
RIS,RISW1
RISW,RISW1
RIWI,RIWI1
RJPI,RJPI1
RKFI,RKFI1
RKFO,RKFO3
RKPM,RKPM8
RKSW,RKSW1
RKVO,RKVO3
RLFO,RLFO3
RLGW,RLGW1
RMCI,RMCI1
RMCO,RMCO3
RMDO,RMDO3
RMEO,RMEO3
RMFO,RMFO3
RMTM,RMTM8
RNDW,RNDW1
RNFO,RNFO3
RNHY,RNHW4
RNRO,RNRO3
RNTW,RNTW1
ROCO,ROCO3
ROCW,ROCW1
RODI,RODI1
RODN,RODN2
RODW,RODW1
ROFO,ROFO3
ROGO,ROGO3
ROLI,ROLI1
ROMB,ROMQ2
ROMO,ROMO3
RORO,RORO3
ROS,RODW1
ROU,ROU
ROUO,ROUO3
ROZW,ROZW1
RPJM,RPJM8
RPTI,RPTI1
RRFI,RRFI1
RRH,RRHW1
RRHW,RRHW1
RRMO,RRMO3
RROO,RROO3
RRPI,RRPI1
RRSW,RRSW1
RRVO,BORXX
RSA,RSA
RSBO,RSBO3
RSCW,RSCW1
RSDI,RESI1
RSDW,RSDW1
RSLW,RSLW1
RSRI,RSRI1
RSTO,RSTO3
RTHI,BORXX
RTRI,RTRI1
RTTO,RTTO3
RUCO,RUCO3
RUN,BRRO3
RUNO,RUNO3
RUPI,RUPI1
RUSW,RUSW1
RVDO,RVDO3
RVKB,RVKQ2
RXFO,RXFO3
RXGI,RXGI1
RXRI,RXRI1
RYGO,RYGO3
RYLW,RYLW1
RYMW,RYMW1
RYNI,RYNI1
RZA,RZA
RZCW,RZCW1
RZVW,RZVW1
RZWW,RZWW1
S72,S72
S73,S73
SACW,SACW1
SADI,SADI1
SAFI,SAFI1
SAFW,SAFW1
SAGO,SAGO3
SAJO,SAJO3
SAKW,SAKW1
SAL,SAL
SALB,SALQ2
SALI,SALI1
SALO,SALO3
SALY,SALW4
SAM,SAM
SAMW,SAMW1
SANB,SANQ2
SANI,SANI1
SANO,SANO3
SAPW,SAPW1
SASW,SASW1
SATI,SATI1
SATW,SATW1
SAWI,SAWI1
SBCO,BORXX
SBCY,SBCW4
SBDI,SBDI1
SBEO,SBXO3
SBFO,SBFO3
SBMW,SBMW1
SBRI,SBRI1
SBRO,SBRO3
SBSW,SBSW1
SCAI,SCAI1
SCAW,SCAW1
SCDY,SCDW4
SCEW,SCEW1
SCFM,SCFM8
SCFO,SCFO3
SCGO,SCGO3
SCHI,SCHI1
SCHO,SCHO3
SCHW,SCHW1
SCKI,SCKI1
SCKW,SCKW1
SCLO,SCLO3
SCLW,SCLW1
SCMO,SCMO3
SCO,SCDO3
SCOO,SCOO3
SCPW,SCPW1
SCRO,SCRO3
SCRY,SCRW4
SCSI,SCSI1
SCSW,SCSW1
SCT,SCT
SCWW,SCWW1
SDCO,BORXX
SDFO,SDFO3
SDMM,SDMM8
SDMO,SDMO3
SDPI,SDPI1
SDVW,SDVW1
SECO,SECO3
SEDW,SEDW1
SELI,SELI1
SELM,SELM8
SENO,SENO3
SEPI,SEPI1
SEQW,SEQW1
SERO,SERO3
SEUW,SEUW1
SEVB,SEVQ2
SEVO,SEVO3
SEWW,SEWW1
SFAI,SFAI1
SFBO,BORXX
SFCO,SFCO3
SFCW,SFCW1
SFFI,SFFI1
SFKO,SFKO3
SFKW,SFKW1
SFLN,SFLN2
SFLO,BORXX
SFMO,SFMO3
SFNW,SFNW1
SFRO,SFRO3
SFSM,SFSM8
SFTW,SFTW1
SFWW,SFWW1
SGFO,SGFO3
SGPW,SGPW1
SGSI,SGSI1
SGSW,SGSW1
SHA,SHDW1
SHAI,SHAI1
SHAW,SHAW1
SHBC,SHBC1
SHBO,SHBO3
SHCM,SHCM8
SHDW,SHDW1
SHEN,SHEN2
SHEO,SHEO3
SHFI,SHFI1
SHFM,SHFM8
SHLO,SHLO3
SHNO,SHNO3
SHOI,SHOI1
SHOW,SHOW1
SHPI,SHPI1
SHPW,SHPW1
SHTO,SHTO3
SHTW,SHTW1
SHUI,SHUI1
SHWI,SHWI1
SHYI,SHYI1
SICB,SICQ2
SICO,SICO3
SIFI,SIFI1
SIFO,SIFO3
SIGM,STIM8
SILI,SILI1
SILM,SILM8
SILO,SILO3
SILW,SIDW1
SINM,SINM8
SIPM,SIPM8
SITO,SITO3
SIVI,SIVI1
SIXI,SIXI1
SJKW,SJKW1
SJMI,SJMI1
SJNO,SJNO3
SJNW,SJNW1
SKA,SKA
SKAM,SKAM8
SKAW,SKAW1
SKBW,SKBW1
SKFI,SKFI1
SKGY,SKGW4
SKHI,SKHI1
SKKB,SKKQ2
SKKW,SKKW1
SKLM,SKLM8
SKM,SKM
SKMW,SKMW1
SKNW,SKNW1
SKOW,SKOW1
SKPW,SKPW1
SKRY,SKRW4
SKSW,SKSW1
SKTI,SKTI1
SKUW,SSUW1
SKYW,SKYW1
SLAY,SLAW4
SLBO,BORXX
SLC,SLC
SLCB,SLCQ2
SLDI,SLDI1
SLFI,SLFI1
SLFO,SLFO3
SLGI,SLGI1
SLGM,SLGM8
SLIM,SLIM8
SLKB,SLKQ2
SLKW,SLKW1
SLMB,SLMQ2
SLMO,SLMO3
SLNW,SLNW1
SLSW,SLSW1
SLTW,SLTW1
SLTY,SLTW4
SLVO,SLVO3
SLWY,SLWW4
SLZW,SLZW1
SMCI,SMCI1
SMFO,SMFO3
SMFW,SMFW1
SMGO,SMGO3
SMHW,SMHW1
SMIO,SMIO3
SMKB,SMKQ2
SMKI,SMKI1
SMLO,SMLO3
SMMB,SMMQ2
SMMO,SMMO3
SMNI,SMNI1
SMPW,SMPW1
SMRI,SMRI1
SMRO,SMRO3
SMRW,SMRW1
SMSW,SMSW1
SMTI,SMTI1
SMYW,SMYW1
SNAI,SNAI1
SNAW,SNAW1
SNBW,SNBW1
SNCW,SSCW1
SNDI,SCRI1
SNDO,SNDO3
SNDW,SNDW1
SNFI,SNFI1
SNFW,NSPW1
SNFY,SNFW4
SNHO,SNHO3
SNIY,SNIW4
SNLY,SNLW4
SNQW,SNQW1
SNSI,SNSI1
SNWO,SNWO3
SNYI,SNYI1
SOAO,SOAO3
SOBO,SOBO3
SOCO,SOCO3
SODI,SODI1
SODO,SODO3
SOEO,SOEO3
SOFO,SOFO3
SOGO,SOGO3
SOKI,SOKI1
SOL,SOLI1
SOMM,SOMM8
SOP,SOP
SORI,SORI1
SOUW,SOUW1
SPAW,SPAW1
SPBM,SPBM8
SPCN,SPCN2
SPDI,SPDI1
SPDW,SPDW1
SPEW,SPEW1
SPFI,SPFI1
SPFO,SPFO3
SPGO,SPGO3
SPGW,SPGW1
SPHO,SPHO3
SPHW,SPHW1
SPIB,SPIQ2
SPIW,SPIW1
SPLW,SPLW1
SPMI,SPMI1
SPMW,SPMW1
SPNW,SPNW1
SPOW,SPOW1
SPPI,SPPI1
SPPW,SPPW1
SPRI,SPRI1
SPRM,SPRM8
SPRO,SPRO3
SPRW,SPRW1
SPSI,SPSI1
SPSO,SPSO3
SPSY,SPSW4
SPTI,SPTI1
SPTW,SPTW1
SPWW,SPWW1
SQBO,SQBO3
SQFI,SQFI1
SQFO,SQFO3
SQLW,SQLW1
SQMI,SQMI1
SQPM,SQPM8
SQPW,SQPW1
SQSO,BORXX
SQUW,SQUW1
SQWI,SQWI1
SRBW,SRBW1
SRCI,SRCI1
SRFI,SRFI1
SRGM,SRGM8
SRLI,SRLI1
SRLO,SRLO3
SRMO,SRMO3
SRMW,SRMW1
SRPB,SRPQ2
SRPW,SRPW1
SRSO,SRSO3
SRSW,SRSW1
SRSY,SRSW4
SSBW,SSBW1
SSCN,SSCN2
SSCO,SSCO3
SSCW,SSCW1
SSDO,SSDO3
SSFO,SSFO3
SSLB,SSLQ2
SSMB,SSMQ2
SSPW,SSPW1
STAM,STAM8
STAW,STAW1
STBO,STBO3
STCI,STCI1
STEW,STEW1
STFO,STFO3
STHO,STHO3
STHW,STHW1
STII,STII1
STKO,STKO3
STKW,STKW1
STLI,STLI1
STLO,STLO3
STMI,STMI1
STMM,STMM8
STNM,STNM8
STNO,STNO3
STOM,STOM8
STOW,STOW1
STPI,STPI1
STPM,STPM8
STPW,STPW1
STRB,STRQ2
STRI,STRI1
STRM,STRM8
STRO,STRO3
STSW,STSW1
STTM,STTM8
STU,STU
STVI,STVI1
STVM,STVM8
STVW,STVW1
STWI,STWI1
STWM,STWM8
STWO,STWO3
STXO,STXO3
STYO,STYO3
STZI,STZI1
SUBI,SUBI1
SUCI,BORXX
SUCW,SOCW1
SUCY,SUCW4
SULB,SULQ2
SULW,SULW1
SUMB,SUMQ2
SUMM,SUMM8
SUNI,SUNI1
SUNW,SUNW1
SUPM,SUPM8
SURB,SURQ2
SURO,SURO3
SUSO,SUSO3
SUSW,SUSW1
SUTO,SUTO3
SUVO,SUVO3
SVBO,SVBO3
SVCI,SVCI1
SVCO,SVCO3
SVFI,SVFI1
SVIO,SVIO3
SVLO,SVLO3
SVMO,SVMO3
SVNW,SVNW1
SVPI,SVPI1
SVPW,SVPW1
SVSW,SVSW1
SVTO,SVTO3
SWA,SWAI1
SWAI,SWAI1
SWBO,SWBO3
SWCO,SWCO3
SWF,SWDW1
SWFO,SWFO3
SWFW,SWFW1
SWII,BORXX
SWLM,SWLM8
SWLW,SWLW1
SWNI,SWNI1
SWNO,SWNO3
SWPI,SWPI1
SWPM,SWPM8
SWRM,SWRM8
SWWW,SWWW1
SYCO,SYCO3
SYLY,SYLW4
SYPY,SYPW4
SYRY,SYRW4
T42,T42
TACN,TACN2
TACW,TACW1
TAFO,TAFO3
TAHW,TAHW1
TALO,BORXX
TANW,TANW1
TAP,TADW1
TARI,TARI1
TAYI,TAYI1
TCFI,TCFI1
TCFO,TCFO3
TCFW,TCFW1
TCHW,TCHW1
TCMO,TCMO3
TCNI,TCNI1
TCSI,TCSI1
TCSW,TCSW1
TDA,TDAO3
TDLO,TDLO3
TDSO,TDSO3
TDWO,TDWO3
TEAI,TEAI1
TEAW,TEAW1
TECI,TECI1
TEKW,TEKW1
TENM,TENM8
TET,TET
TETI,TETI1
TEXI,TEXI1
TFCI,TFCI1
TFCO,BORXX
TFLI,TFLI1
TFTO,TFTO3
TGCI,TGCI1
TGFI,TGFI1
TGHO,TGHO3
TGOW,TGOW1
TGSW,TGSW1
TGTW,TGTW1
THAY,THAW4
THBW,THBW1
THF,THF
THFI,THFI1
THFO,THFO3
THIW,THIW1
THKI,THKI1
THMY,THMW4
THOI,THOI1
THRM,THRM8
TIBM,TIBM8
TICI,BORXX
TICW,TICW1
TICY,TICW4
TIDO,TIDO3
TIEW,TIEW1
TIKO,TIKO3
TILO,TILO3
TILW,TILW1
TIPO,TIPO3
TITI,TITI1
TJCB,TJCQ2
TKFO,TKFO3
TLAO,TLAO3
TLCI,BORXX
TLFI,TLFI1
TLJO,TLJO3
TLKW,TLKW1
TLMO,TLMO3
TLRO,TLRO3
TLTW,TLTW1
TLYO,TLYO3
TMBO,TMBO3
TMCI,TMCI1
TMCM,TMCM8
TMFO,TMFO3
TMLM,TMLM8
TMMM,TMMM8
TMY,TMZO3
TNAW,TNAW1
TNCM,TNCM8
TNEI,TNEI1
TNMB,TNMQ2
TNSW,TNSW1
TNTO,TNTO3
TOFO,TOFO3
TOFW,TOFW1
TOGY,TOGW4
TOHW,TOHW1
TOKO,TOKO3
TOKW,TOKW1
TOLO,TOLO3
TOLW,TOLW1
TOM,TOM
TONW,TONW1
TOPI,TOPI1
TOPY,TOPW4
TOSM,TOSM8
TOSW,TOSW1
TOTW,TOTW1
TOUW,TOUW1
TOWM,TOWM8
TPEM,TPEM8
TPFW,TPFW1
TPSW,TPSW1
TRBO,TRBO3
TRCI,TRCI1
TRCO,TRCO3
TREN,TREN2
TRFO,TRFO3
TRFW,TRFW1
TRGO,BORXX
TRGW,TRGW1
TRJO,TRJO3
TRKB,TRKQ2
TRLM,TRLM8
TRLO,TRLO3
TRLW,TRLW1
TRMB,TRMQ2
TRMI,TRMI1
TRPI,TRPI1
TRPY,TRPW4
TRSO,TRSO3
TRTB,TRTQ2
TRTM,TRTM8
TRTO,TRTO3
TRUY,TRUW4
TRYM,TRYM8
TRYO,TRYO3
TSFW,TSFW1
TSGI,TSGI1
TSKW,TSKW1
TTDO,TTDO3
TTNI,TTNI1
TTXI,TTXI1
TUAO,TUAO3
TUCO,TUCO3
TUFO,TUFO3
TUKW,TUKW1
TUMO,BORXX
TUNW,TUNW1
TURY,TURW4
TUSN,TUSN2
TVIO,TVIO3
TVMM,TVMM8
TWCM,TWCM8
TWEM,TWEM8
TWFI,TWFI1
TWIW,TWIW1
TWLM,TWLM8
TWNY,TWNW4
TWSI,TWSI1
TWSW,TWSW1
TXCI,TXCI1
TYBO,TYBO3
TYGO,TYGO3
TYLO,TYLO3
UBBO,UBBO3
UBK,UBDW1
UBKW,UBKW1
UBLW,UBLW1
UBOB,UBOQ2
UERB,UERQ2
UHCI,UHCI1
UHLM,UHLM8
UKFO,UKFO3
UKIO,UKIO3
UMAO,UMAO3
UMDO,UMDO3
UMMO,UMMO3
UMPO,UMPO3
UMSO,BORXX
UMSW,UMSW1
UMTO,BORXX
UMTW,UMTW1
UMUO,UMUO3
UND,UND
UNDW,UNDW1
UNIO,UNIO3
UNTO,UNTO3
UNY,UNYO3
UNYO,UNYO3
UOLO,UOLO3
UPEI,UPEI1
UPPO,UPPO3
UPSO,UPSO3
UPWW,UPWW1
USAO,USAO3
UTFO,UTFO3
VAEO,VAEO3
VALO,VALO3
VALW,VALW1
VANW,VANW1
VAPW,VAPW1
VARI,VARI1
VAVB,VAVQ2
VAVI,VAVI1
VCAO,VCAO3
VEPW,VEPW1
VERB,VERQ2
VERW,VERW1
VICM,VICM8
VIDO,VIDO3
VITI,VITI1
VLCI,VLCI1
VLVI,VLVI1
VLYO,VLYO3
VLZO,VLZO3
VMRB,VMRQ2
VNCW,VNCW1
VNGW,VNGW1
VNLW,VNLW1
VNNI,VNNI1
VNRB,VNRQ2
VPFW,VPFW1
VRBB,VRBQ2
VRNO,VRNO3
VRRB,VRRQ2
VSPI,VSPI1
VTKB,VTKQ2
VYFO,VYFO3
WAAW,WAAW1
WABW,WABW1
WACI,WACI1
WAH,BORXX
WAL,WAL
WALM,WALM8
WALO,WALO3
WALW,WALW1
WAN,WANW1
WANB,WANQ2
WANO,WANO3
WAR,WRMO3
WARB,WARQ2
WARO,WARO3
WAS,WADO3
WASB,WASQ2
WASO,WASO3
WATO,WATO3
WAUO,WAUO3
WBCO,BORXX
WBEO,WBEO3
WBFI,BORXX
WBFO,WBFO3
WBRI,WBRI1
WBSY,WBSW4
WBXM,WBXM8
WCBI,WCBI1
WCDI,WCDI1
WCFI,WCFI1
WCFO,WCFO3
WCHO,WCHO3
WCHW,WCHW1
WCLO,WCLO3
WCRM,WCRM8
WCRW,WCRW1
WCTO,BORXX
WCWO,WCWO3
WDFO,WDFO3
WDLW,WDLW1
WDMN,WDMN2
WEBI,WEBI1
WECI,WECI1
WEFI,WEFI1
WEII,WEII1
WEIO,WEIO3
WEL,WELW1
WENW,WENW1
WEPO,WEPO3
WESI,WESI1
WESO,WESO3
WESW,WESW1
WEUO,WEUO3
WFCI,WFCI1
WFCO,WFCO3
WFLO,WFLO3
WFMO,WFMO3
WFWI,WFWI1
WGCM,WGCM8
WGLM,WGLM8
WGNO,WGNO3
WGSB,WGSQ2
WHBI,WHBI1
WHCO,WHCO3
WHDI,WHDI1
WHEI,WHEI1
WHEO,WHEO3
WHFM,WHFM8
WHFO,WHFO3
WHGO,WHGO3
WHHO,WHHO3
WHIO,WHIO3
WHNB,WHNQ2
WHPW,WHPW1
WHRB,WHRQ2
WHRM,WHRM8
WHSO,WHSO3
WHTM,WHTM8
WHWW,WHWW1
WIC,WIDO3
WICI,WICI1
WICO,WICO3
WICW,WICW1
WIFI,WIFI1
WIL,WIL
WILI,WILI1
WILO,WILO3
WILW,WILW1
WILY,WILW4
WINI,WINI1
WINO,WINO3
WINW,WINW1
WIRW,WIRW1
WISM,WISM8
WIWO,WIWO3
WKMW,WKMW1
WKSW,WKSW1
WLAO,WLAO3
WLAW,WLAW1
WLBW,WLBW1
WLCI,WLCI1
WLCO,WLCO3
WLD,WLD
WLDN,WLDN2
WLDO,WLDO3
WLFI,WLFI1
WLFO,WLFO3
WLFW,WLFW1
WLLO,WLLO3
WLMO,WLMO3
WLPW,WLPW1
WLSB,WLSQ2
WLSO,WLSO3
WLSW,WLSW1
WLTO,MCZO3
WLTW,WLTW1
WLVY,WLVW4
WLWI,WLWI1
WLWO,WLWO3
WMSO,WMSO3
WNBW,WNBW1
WNDY,WNDW4
WNFO,WNFO3
WNMW,WNMW1
WNRO,WNRO3
WOD,LWRI1
WODI,WODI1
WODM,WODM8
WONW,WONW1
WOPW,WOPW1
WORI,WORI1
WOW,WOW
WPAW,WPAW1
WPFW,WPFW1
WPKY,WPKW4
WPLW,WPLW1
WPRM,WPRM8
WPTW,WPTW1
WRCI,WRCI1
WRCM,WRCM8
WRCW,WRCW1
WRDO,BORXX
WRFB,WRFQ2
WRFW,WRFW1
WRMM,WRMM8
WRNO,WRNO3
WRRM,WRRM8
WRRY,WRRW4
WRSW,WRSW1
WSCO,WSCO3
WSHB,WSHQ2
WSKM,WSKM8
WSLM,WSLM8
WSLO,WSLO3
WSNO,WSNO3
WSOO,WSOO3
WSPO,WSPO3
WSPW,WSPW1
WSRI,WSRI1
WSTO,WSTO3
WSUW,WSUW1
WSWB,WSWQ2
WTHW,WTHW1
WTLO,WTLO3
WTMW,WTMW1
WTOW,WTOW1
WTPW,WTPW1
WTVW,WTVW1
WTXI,WTXI1
WUNW,WUNW1
WVCI,WVCI1
WVFO,WVFO3
WWBO,WWBO3
WWPI,WWPI1
WXTI,WXTI1
WYAW,WYAW1
WYN,WYDW1
WYNW,WYNW1
WYSM,WYSM8
WYWW,WYWW1
XSBB,XSBQ2
YAKW,YAKW1
YAL,YALW1
YALW,YALW1
YFBB,YFBQ2
YCBB,YCBQ2
YEWY,YEWW4
YFFI,YFFI1
YGMW,YGMW1
YGVW,YGVW1
YHDB,YHDQ2
YLFO,YLFO3
YNFO,YNFO3
YNGY,YNGW4
YOHB,YOHQ2
YOKO,YOKO3
YOUY,YOUW4
YPBI,YPBI1
YPDI,YPDI1
YPNI,YPNI1
YRCW,YRCW1
YRMW,YRMW1
YRPW,YRPW1
YRTW,YRTW1
YRWW,HLKW1
YUMW,YUMW1
YUNW,YUNW1
YUUW,YUUW1
YWHW,YWHW1
ZILW,ZILW1
ZTBB,ZTBQ2
